dataset,budget,seed,best_validation_auc,final_test_auc,evaluations,weight_cn,weight_jaccard,weight_aa,weight_ra
Karate Club,50,0,0.7600000000000001,0.6304347826086957,50,0.6369616873214543,0.2697867137638703,0.04097352393619469,0.016527635528529094
Karate Club,50,1,0.7600000000000001,0.6228733459357277,50,0.3928057285941488,0.565752437727401,0.0,0.13827881901441214
Karate Club,50,2,0.7600000000000001,0.6247637051039697,50,0.8759527876250939,0.7244223118671622,0.0428281745539317,0.1297109635798413
Karate Club,50,3,0.7200000000000001,0.6606805293005671,50,0.08564916714362436,0.2368105065960997,0.8012744652063969,0.5821620360643678
Karate Club,50,4,0.7600000000000001,0.6228733459357277,50,0.9542855873340877,1.0,0.0,0.28231463535946166
Karate Club,50,5,0.7600000000000001,0.609640831758034,50,0.0,0.7055787530371327,0.021563165906346105,0.0
Karate Club,50,6,0.7200000000000001,0.6512287334593573,50,0.5381643514719432,0.34327086981333843,0.36906723979537825,0.37449676558788236
Karate Club,50,7,0.7200000000000001,0.6474480151228733,50,0.625095466604667,0.8972138009695755,0.7756856902451935,0.22520718999059186
Karate Club,50,8,0.7200000000000001,0.6417769376181475,50,0.3269722766055607,0.9872768433379255,0.31871083848551673,0.7885489358200289
Karate Club,50,9,0.7200000000000001,0.6587901701323251,50,0.8702492039700847,0.28681720908755537,0.6031481500515619,0.7775340829201788
Karate Club,500,0,0.7600000000000001,0.6304347826086957,500,0.6369616873214543,0.2697867137638703,0.04097352393619469,0.016527635528529094
Karate Club,500,1,0.7600000000000001,0.6228733459357277,500,0.3928057285941488,0.565752437727401,0.0,0.13827881901441214
Karate Club,500,2,0.7600000000000001,0.6247637051039697,500,0.8759527876250939,0.7244223118671622,0.0428281745539317,0.1297109635798413
Karate Club,500,3,0.7600000000000001,0.6285444234404537,500,0.505085226551091,0.9521630954536873,0.0,0.37983731247773156
Karate Club,500,4,0.7600000000000001,0.6228733459357277,500,0.9542855873340877,1.0,0.0,0.28231463535946166
Karate Club,500,5,0.8,0.6597353497164461,500,0.9917537259219944,0.0,0.0,0.0
Karate Club,500,6,0.7600000000000001,0.6285444234404537,500,0.6980220608460819,1.0,0.0742300438060059,0.231738614406724
Karate Club,500,7,0.7600000000000001,0.6228733459357277,500,0.3697686727946204,0.44527856309839653,0.0,0.09958653043291724
Karate Club,500,8,0.7600000000000001,0.6228733459357277,500,0.5044877586744327,0.7963975699728177,0.017961902366724902,0.18788967452897676
Karate Club,500,9,0.7600000000000001,0.6228733459357277,500,0.4087079387545548,0.37980782890959264,0.03242393627388007,0.014383952191076466
Karate Club,5000,0,0.8,0.6597353497164461,5000,0.814659100944313,0.0,0.0,0.0
Karate Club,5000,1,0.8,0.6597353497164461,5000,0.4973470444867597,0.0,0.0,0.0
Karate Club,5000,2,0.8,0.6597353497164461,5000,0.695112917016842,0.0,0.0,0.0
Karate Club,5000,3,0.8,0.6597353497164461,5000,0.4195083743210986,0.0,0.0,0.0
Karate Club,5000,4,0.8,0.6597353497164461,5000,0.774051666928102,0.0,0.0,0.0
Karate Club,5000,5,0.8,0.6597353497164461,5000,0.9917537259219944,0.0,0.0,0.0
Karate Club,5000,6,0.8,0.6597353497164461,5000,0.22827146384062852,0.0,0.0,0.0
Karate Club,5000,7,0.8,0.6597353497164461,5000,0.8534939355217681,0.0,0.0,0.0
Karate Club,5000,8,0.8,0.6597353497164461,5000,0.4378038808292542,0.0,0.0,0.0
Karate Club,5000,9,0.8,0.6597353497164461,5000,0.3839138897667103,0.0,0.0,0.0
Karate Club,20000,0,0.8,0.6597353497164461,20000,0.814659100944313,0.0,0.0,0.0
Karate Club,20000,1,0.8,0.6597353497164461,20000,0.4973470444867597,0.0,0.0,0.0
Karate Club,20000,2,0.8,0.6597353497164461,20000,0.695112917016842,0.0,0.0,0.0
Karate Club,20000,3,0.8,0.6597353497164461,20000,0.4195083743210986,0.0,0.0,0.0
Karate Club,20000,4,0.8,0.6597353497164461,20000,0.774051666928102,0.0,0.0,0.0
Karate Club,20000,5,0.8,0.6597353497164461,20000,0.9917537259219944,0.0,0.0,0.0
Karate Club,20000,6,0.8,0.6597353497164461,20000,0.22827146384062852,0.0,0.0,0.0
Karate Club,20000,7,0.8,0.6597353497164461,20000,0.8534939355217681,0.0,0.0,0.0
Karate Club,20000,8,0.8,0.6597353497164461,20000,0.4378038808292542,0.0,0.0,0.0
Karate Club,20000,9,0.8,0.6597353497164461,20000,0.3839138897667103,0.0,0.0,0.0
Netscience,50,0,0.845947265625,0.8509243966114337,50,0.8492020101101907,0.2755213732781833,0.8043720564569805,0.6326211939093414
Netscience,50,1,0.845947265625,0.8509643561191326,50,0.5546659468390039,0.3328952538322598,0.8039860059304021,0.664662187868926
Netscience,50,2,0.845947265625,0.8509243966114337,50,0.5919112097184134,0.20344062969121537,0.6894992216140298,0.2952508813247655
Netscience,50,3,0.845947265625,0.8508977569396345,50,0.7152635271083192,0.212234557716036,0.25782335635981,0.9148178759902662
Netscience,50,4,0.845947265625,0.8509110767755341,50,0.5463066647215296,0.2909502496789223,0.9688131969455627,0.0
Netscience,50,5,0.845947265625,0.850844477596036,50,0.6729593311120896,0.27439038255376,0.4216816871839701,0.861313481731929
Netscience,50,6,0.845947265625,0.8509243966114337,50,0.7896665918243061,0.15352413353961308,0.18253713791100534,1.0
Netscience,50,7,0.845947265625,0.8510842346422293,50,0.3510756707467361,0.17598763007043558,0.5268179492606292,0.564918366869292
Netscience,50,8,0.845947265625,0.8509243966114337,50,0.6755881605721666,0.23788134875680955,0.7864692216081834,0.21832873262379437
Netscience,50,9,0.845947265625,0.8509243966114337,50,0.8702492039700847,0.28681720908755537,0.6031481500515619,0.7775340829201788
Netscience,500,0,0.845947265625,0.8509243966114337,500,0.8492020101101907,0.2755213732781833,0.8043720564569805,0.6326211939093414
Netscience,500,1,0.845947265625,0.8509643561191326,500,0.5546659468390039,0.3328952538322598,0.8039860059304021,0.664662187868926
Netscience,500,2,0.845947265625,0.8509243966114337,500,0.5919112097184134,0.20344062969121537,0.6894992216140298,0.2952508813247655
Netscience,500,3,0.845947265625,0.8508977569396345,500,0.7152635271083192,0.212234557716036,0.25782335635981,0.9148178759902662
Netscience,500,4,0.845947265625,0.8509110767755341,500,0.5463066647215296,0.2909502496789223,0.9688131969455627,0.0
Netscience,500,5,0.845947265625,0.850844477596036,500,0.6729593311120896,0.27439038255376,0.4216816871839701,0.861313481731929
Netscience,500,6,0.845947265625,0.8509243966114337,500,0.7896665918243061,0.15352413353961308,0.18253713791100534,1.0
Netscience,500,7,0.845947265625,0.8510842346422293,500,0.3510756707467361,0.17598763007043558,0.5268179492606292,0.564918366869292
Netscience,500,8,0.845947265625,0.8509243966114337,500,0.6755881605721666,0.23788134875680955,0.7864692216081834,0.21832873262379437
Netscience,500,9,0.845947265625,0.8509243966114337,500,0.8702492039700847,0.28681720908755537,0.6031481500515619,0.7775340829201788
Netscience,5000,0,0.845947265625,0.8509243966114337,5000,0.8492020101101907,0.2755213732781833,0.8043720564569805,0.6326211939093414
Netscience,5000,1,0.845947265625,0.8509643561191326,5000,0.5546659468390039,0.3328952538322598,0.8039860059304021,0.664662187868926
Netscience,5000,2,0.845947265625,0.8509243966114337,5000,0.5919112097184134,0.20344062969121537,0.6894992216140298,0.2952508813247655
Netscience,5000,3,0.845947265625,0.8508977569396345,5000,0.7152635271083192,0.212234557716036,0.25782335635981,0.9148178759902662
Netscience,5000,4,0.845947265625,0.8509110767755341,5000,0.5463066647215296,0.2909502496789223,0.9688131969455627,0.0
Netscience,5000,5,0.845947265625,0.850844477596036,5000,0.6729593311120896,0.27439038255376,0.4216816871839701,0.861313481731929
Netscience,5000,6,0.845947265625,0.8509243966114337,5000,0.7896665918243061,0.15352413353961308,0.18253713791100534,1.0
Netscience,5000,7,0.845947265625,0.8510842346422293,5000,0.3510756707467361,0.17598763007043558,0.5268179492606292,0.564918366869292
Netscience,5000,8,0.845947265625,0.8509243966114337,5000,0.6755881605721666,0.23788134875680955,0.7864692216081834,0.21832873262379437
Netscience,5000,9,0.845947265625,0.8509243966114337,5000,0.8702492039700847,0.28681720908755537,0.6031481500515619,0.7775340829201788
Netscience,20000,0,0.845947265625,0.8509243966114337,20000,0.8492020101101907,0.2755213732781833,0.8043720564569805,0.6326211939093414
Netscience,20000,1,0.845947265625,0.8509643561191326,20000,0.5546659468390039,0.3328952538322598,0.8039860059304021,0.664662187868926
Netscience,20000,2,0.845947265625,0.8509243966114337,20000,0.5919112097184134,0.20344062969121537,0.6894992216140298,0.2952508813247655
Netscience,20000,3,0.845947265625,0.8508977569396345,20000,0.7152635271083192,0.212234557716036,0.25782335635981,0.9148178759902662
Netscience,20000,4,0.845947265625,0.8509110767755341,20000,0.5463066647215296,0.2909502496789223,0.9688131969455627,0.0
Netscience,20000,5,0.845947265625,0.850844477596036,20000,0.6729593311120896,0.27439038255376,0.4216816871839701,0.861313481731929
Netscience,20000,6,0.845947265625,0.8509243966114337,20000,0.7896665918243061,0.15352413353961308,0.18253713791100534,1.0
Netscience,20000,7,0.845947265625,0.8510842346422293,20000,0.3510756707467361,0.17598763007043558,0.5268179492606292,0.564918366869292
Netscience,20000,8,0.845947265625,0.8509243966114337,20000,0.6755881605721666,0.23788134875680955,0.7864692216081834,0.21832873262379437
Netscience,20000,9,0.845947265625,0.8509243966114337,20000,0.8702492039700847,0.28681720908755537,0.6031481500515619,0.7775340829201788
Karate Club,50,0,0.609375,0.6833648393194707,50,-0.31138004239174966,-0.1394025361043334,0.9321241615681404,0.12446368445691403
Netscience,50,0,0.7636583116319445,0.9038707443124301,50,0.7118550978639414,-0.09928172807276628,1.0,0.8446745383307234
Karate Club,50,0,0.609375,0.6833648393194707,50,-0.31138004239174966,-0.1394025361043334,0.9321241615681404,0.12446368445691403
Karate Club,500,0,0.66796875,0.4054820415879017,500,-1.0,-0.08509509211715173,0.6072560732152958,0.6671331313166202
Karate Club,5000,0,0.66796875,0.4054820415879017,5000,-1.0,-0.08509509211715173,0.6072560732152958,0.6671331313166202
Karate Club,20000,0,0.66796875,0.4054820415879017,20000,-1.0,-0.08509509211715173,0.6072560732152958,0.6671331313166202
Netscience,50,0,0.7614881727430555,0.8900114550588736,50,0.7313250640251652,0.16151612158862771,0.1978266088153359,1.0
Netscience,500,0,0.7615424262152777,0.8900780542383717,500,0.5362939287623528,0.1965931735949158,0.21624552022629695,1.0
Netscience,5000,0,0.7615424262152777,0.8900780542383717,5000,0.5362939287623528,0.1965931735949158,0.21624552022629695,1.0
Netscience,20000,0,0.7615424262152777,0.8900780542383717,20000,0.5362939287623528,0.1965931735949158,0.21624552022629695,1.0
Karate Club,50,0,0.609375,0.6833648393194707,50,-0.31138004239174966,-0.1394025361043334,0.9321241615681404,0.12446368445691403
Karate Club,50,1,0.61328125,0.5113421550094518,50,-0.2775716517026131,-0.28042990771239995,1.0,-0.3013301003741551
Karate Club,50,2,0.55859375,0.7041587901701324,50,0.23910710324244966,-0.5225314076994958,1.0,-0.617148498651014
Karate Club,50,3,0.66796875,0.4603024574669187,50,-1.0,-0.15653333406075032,1.0,0.6373274276024802
Karate Club,50,4,0.60546875,0.7041587901701324,50,0.5372885852605579,-0.912235255499516,0.6803405049536309,-0.5005309906748987
Karate Club,50,5,0.55859375,0.6947069943289225,50,1.0,-0.262346942960317,0.9183520412388417,-0.39592092274632884
Karate Club,50,6,0.66796875,0.4111531190926276,50,-0.9254872732856663,-0.005209140564135795,0.7346003195854255,0.4780148758540378
Karate Club,50,7,0.66015625,0.3941398865784499,50,-1.0,0.07599846284256025,0.6706720534342773,0.6416693372078699
Karate Club,50,8,0.609375,0.5775047258979207,50,-0.18486272652829736,-0.19678087036893205,0.7125992566115069,-0.08088678468051909
Karate Club,50,9,0.609375,0.6398865784499055,50,-0.008840714184624707,-0.9250031818248468,1.0,0.6061358182338723
Karate Club,500,0,0.66796875,0.4054820415879017,500,-1.0,-0.08509509211715173,0.6072560732152958,0.6671331313166202
Karate Club,500,1,0.66796875,0.41493383742911155,500,-1.0,-0.050236752109979604,0.4328077947283386,1.0
Karate Club,500,2,0.66796875,0.3771266540642722,500,-1.0,0.004859813296280671,1.0,0.03197928861538876
Karate Club,500,3,0.66796875,0.4603024574669187,500,-1.0,-0.15653333406075032,1.0,0.6373274276024802
Karate Club,500,4,0.66796875,0.45841209829867674,500,-0.968049820711468,-0.1267154187919615,1.0,0.5476612433658697
Karate Club,500,5,0.66796875,0.46030245746691867,500,-1.0,-0.13878549185232603,1.0,0.6147772237959814
Karate Club,500,6,0.66796875,0.4111531190926276,500,-0.9254872732856663,-0.005209140564135795,0.7346003195854255,0.4780148758540378
Karate Club,500,7,0.66015625,0.3941398865784499,500,-1.0,0.07599846284256025,0.6706720534342773,0.6416693372078699
Karate Club,500,8,0.66796875,0.386578449905482,500,-0.5458823732301821,0.004929162308662582,1.0,-0.3096088128342298
Karate Club,500,9,0.609375,0.6398865784499055,500,-0.008840714184624707,-0.9250031818248468,1.0,0.6061358182338723
Karate Club,5000,0,0.66796875,0.4054820415879017,5000,-1.0,-0.08509509211715173,0.6072560732152958,0.6671331313166202
Karate Club,5000,1,0.66796875,0.41493383742911155,5000,-1.0,-0.050236752109979604,0.4328077947283386,1.0
Karate Club,5000,2,0.66796875,0.3771266540642722,5000,-1.0,0.004859813296280671,1.0,0.03197928861538876
Karate Club,5000,3,0.66796875,0.4603024574669187,5000,-1.0,-0.15653333406075032,1.0,0.6373274276024802
Karate Club,5000,4,0.671875,0.5850661625708885,5000,-0.16519530977032698,-0.0215911269167261,1.0,-0.7305927901203969
Karate Club,5000,5,0.66796875,0.46030245746691867,5000,-1.0,-0.13878549185232603,1.0,0.6147772237959814
Karate Club,5000,6,0.66796875,0.4111531190926276,5000,-0.9254872732856663,-0.005209140564135795,0.7346003195854255,0.4780148758540378
Karate Club,5000,7,0.66796875,0.41304347826086957,5000,-1.0,-0.02533492653001409,1.0,0.3993512720028048
Karate Club,5000,8,0.66796875,0.386578449905482,5000,-0.5458823732301821,0.004929162308662582,1.0,-0.3096088128342298
Karate Club,5000,9,0.66796875,0.4603024574669187,5000,-1.0,-0.15211025408087475,0.6287829753818384,1.0
Karate Club,20000,0,0.66796875,0.4054820415879017,20000,-1.0,-0.08509509211715173,0.6072560732152958,0.6671331313166202
Karate Club,20000,1,0.66796875,0.41493383742911155,20000,-1.0,-0.050236752109979604,0.4328077947283386,1.0
Karate Club,20000,2,0.66796875,0.3771266540642722,20000,-1.0,0.004859813296280671,1.0,0.03197928861538876
Karate Club,20000,3,0.66796875,0.4603024574669187,20000,-1.0,-0.15653333406075032,1.0,0.6373274276024802
Karate Club,20000,4,0.671875,0.5850661625708885,20000,-0.16519530977032698,-0.0215911269167261,1.0,-0.7305927901203969
Karate Club,20000,5,0.66796875,0.46030245746691867,20000,-1.0,-0.13878549185232603,1.0,0.6147772237959814
Karate Club,20000,6,0.66796875,0.4111531190926276,20000,-0.9254872732856663,-0.005209140564135795,0.7346003195854255,0.4780148758540378
Karate Club,20000,7,0.66796875,0.41304347826086957,20000,-1.0,-0.02533492653001409,1.0,0.3993512720028048
Karate Club,20000,8,0.66796875,0.386578449905482,20000,-0.5458823732301821,0.004929162308662582,1.0,-0.3096088128342298
Karate Club,20000,9,0.66796875,0.4603024574669187,20000,-1.0,-0.15211025408087475,0.6287829753818384,1.0
Netscience,50,0,0.749294704861111,0.8915565560232298,50,0.544505910564186,1.0,1.0,0.9881357991763019
Netscience,50,1,0.7494845920138887,0.8338417070701689,50,-0.17265102408374758,1.0,-0.9371053988095467,1.0
Netscience,50,2,0.7493489583333333,0.8341880228035591,50,-0.13473841839042566,0.3385945971490405,-0.15443065345974438,0.2663687985482328
Netscience,50,3,0.7517903645833333,0.8116242207896,50,-0.5190529192309505,0.3252178822859556,-0.015970731699157747,0.8028290387522747
Netscience,50,4,0.7493489583333333,0.8907307261974533,50,-0.27244314982187334,0.10111892707267,0.697089676255972,-0.3171870158724881
Netscience,50,5,0.749294704861111,0.8909438435718472,50,-0.13010489554971594,0.9483723865185107,0.7953552162170976,0.6884620752174819
Netscience,50,6,0.7494574652777777,0.8466553892056051,50,-0.9822083889291306,0.9575351243705934,0.6540060516381072,0.5704219186527428
Netscience,50,7,0.7493489583333333,0.8859355852735895,50,-0.6037231141638865,0.8043140470472914,0.4569877357425575,0.39028217665840476
Netscience,50,8,0.7517903645833333,0.8226130854067879,50,-1.0,0.4475902468726453,0.6484712805263296,0.8214978509716135
Netscience,50,9,0.7493489583333333,0.8907973253769513,50,-0.9874277577230837,0.9642726502093819,0.9349809857481794,1.0
Netscience,500,0,0.751980251736111,0.7958135755767489,500,-0.7220067330747106,0.6124733677383977,0.3046752178101822,0.4171463636496181
Netscience,500,1,0.7518988715277777,0.8038853961319196,500,-1.0,0.6092141918739682,0.7179236971798557,0.48562952109912394
Netscience,500,2,0.7518174913194444,0.8149408599286057,500,-0.44329646850449245,0.23392027672652316,0.363653418801714,0.2073590748343319
Netscience,500,3,0.7519531249999999,0.792044062017156,500,-1.0,1.0,0.031337410446537824,0.9279987596287606
Netscience,500,4,0.7518988715277777,0.7931762480686239,500,-0.34401295138112825,0.11268778971406598,0.5300009951821851,-0.1484818825953745
Netscience,500,5,0.751953125,0.799929404869732,500,-0.46915378183329354,0.15750841083479958,0.831711716612546,-0.3450147600840636
Netscience,500,6,0.7519259982638888,0.7930963290532261,500,-1.0,0.4949064696865779,1.0,0.15300660429428267
Netscience,500,7,0.751980251736111,0.8108250306356226,500,-0.7595649024820256,0.5349061465357545,0.4612739464912826,0.4260147014128867
Netscience,500,8,0.7518717447916666,0.7896331717193243,500,-1.0,0.6182220123416795,0.36665694736952836,0.8863552922265416
Netscience,500,9,0.7517903645833333,0.8043649102243059,500,-0.8391691506097533,0.4114228224795526,0.5164557611099082,0.6019653583427399
Netscience,5000,0,0.7520073784722221,0.7890737386115403,5000,-1.0,0.7904464918566707,0.2678456402982745,0.8025229956400228
Netscience,5000,1,0.7520073784722221,0.7998628056902339,5000,-0.8056325568854819,0.7612150390808251,0.02235158266167303,0.863354048239733
Netscience,5000,2,0.7520073784722221,0.7998761255261335,5000,-0.7967983312398645,0.7104458145191734,0.07945304020441846,0.8173527578957482
Netscience,5000,3,0.7520073784722221,0.788873941073046,5000,-0.793003010565401,0.7640859146846302,-0.0609982218243844,0.8684584950062463
Netscience,5000,4,0.751980251736111,0.8000093238851297,5000,-0.8084261162536128,0.6025629464504751,0.32284173224670437,0.6087229369343744
Netscience,5000,5,0.7520073784722221,0.7962531301614365,5000,-1.0,0.9083177182645188,0.07265882104104132,1.0
Netscience,5000,6,0.7520073784722221,0.7890737386115403,5000,-1.0,0.6332411577281847,0.7793234758347658,0.2797619825725723
Netscience,5000,7,0.7520073784722221,0.7889804997602429,5000,-0.7298676214517941,0.5037219871217175,0.5064229297539843,0.24613239191919806
Netscience,5000,8,0.7520073784722221,0.807082156747829,5000,-0.7628322212453285,0.763415459401056,-0.12464348745364005,1.0
Netscience,5000,9,0.7520073784722221,0.7890604187756407,5000,-1.0,0.8083397285283569,0.3143896577991422,0.7470093032517797
Netscience,20000,0,0.7520073784722221,0.7890737386115403,20000,-1.0,0.7904464918566707,0.2678456402982745,0.8025229956400228
Netscience,20000,1,0.7520073784722221,0.7998628056902339,20000,-0.8056325568854819,0.7612150390808251,0.02235158266167303,0.863354048239733
Netscience,20000,2,0.7520073784722221,0.7998761255261335,20000,-0.7967983312398645,0.7104458145191734,0.07945304020441846,0.8173527578957482
Netscience,20000,3,0.7520073784722221,0.788873941073046,20000,-0.793003010565401,0.7640859146846302,-0.0609982218243844,0.8684584950062463
Netscience,20000,4,0.7520073784722221,0.7852642655442484,20000,-0.7318272039938368,0.5631689709477212,0.35408336621184733,0.38681204744000464
Netscience,20000,5,0.7520345052083333,0.7810685172358677,20000,-0.5497274471260861,0.6613615332358004,-0.2764067106570013,0.7712929430965948
Netscience,20000,6,0.7520073784722221,0.7890737386115403,20000,-1.0,0.6332411577281847,0.7793234758347658,0.2797619825725723
Netscience,20000,7,0.7520073784722222,0.7882745484575628,20000,-0.7513527223422773,0.8535375864692119,-0.23561267311047676,0.9193622610436475
Netscience,20000,8,0.7520073784722221,0.807082156747829,20000,-0.7628322212453285,0.763415459401056,-0.12464348745364005,1.0
Netscience,20000,9,0.7520073784722221,0.7890604187756407,20000,-1.0,0.8083397285283569,0.3143896577991422,0.7470093032517797
